2025-01-09 18:35:18,health ğŸ¦¾,Ğ Ğ°ÑÑ‚ÑĞ¶ĞºĞ°,2,1
2025-01-09 19:48:23,health ğŸ¦¾,Ğ Ğ°ÑÑ‚ÑĞ¶ĞºĞ°,2,1
2025-01-09 21:31:36,studing ğŸ“š,ĞĞ½Ğ³Ğ»Ğ¸Ğ¹ÑĞºĞ¸Ğ¹,5.5,11
2025-01-13 09:25:49,health ğŸ¦¾,Ğ Ğ°ÑÑ‚ÑĞ¶ĞºĞ°,2,1,
2025-01-13 11:07:16,health ğŸ¦¾,Ğ Ğ°ÑÑ‚ÑĞ¶ĞºĞ°,2,1,
2025-01-13 11:32:07,health ğŸ¦¾,Ğ—Ğ°Ğ²Ñ‚Ñ€Ğ°Ğº + Ğ²Ğ¸Ñ‚Ğ°Ğ¼Ğ¸Ğ½Ñ‹,3,1,
2025-01-13 14:25:09,studing ğŸ“š,DS/Math/Dev Ğ¼Ğ¸Ğ½. Ğ¾Ğ±ÑƒÑ‡ĞµĞ½Ğ¸Ñ,3.0,15,
2025-01-13 16:09:44,studing ğŸ“š,ĞĞ½Ğ³Ğ»Ğ¸Ğ¹ÑĞºĞ¸Ğ¹,2.5,5,
2025-01-13 16:13:51,health ğŸ¦¾,Ğ Ğ°ÑÑ‚ÑĞ¶ĞºĞ°,2,1,
2025-01-13 17:51:09,studing ğŸ“š,DS/Math/Dev Ğ¼Ğ¸Ğ½. Ğ¾Ğ±ÑƒÑ‡ĞµĞ½Ğ¸Ñ,10.0,50,
2025-01-13 18:19:11,studing ğŸ“š,DS/Math/Dev Ğ¼Ğ¸Ğ½. Ğ¾Ğ±ÑƒÑ‡ĞµĞ½Ğ¸Ñ,6.0,30,
2025-01-14 00:17:03,social â¤ï¸,ĞœÑ‹ÑˆĞ»ĞµĞ½Ğ¸Ğµ,11.25,45,
2025-01-14 00:41:16,health ğŸ¦¾,Ğ Ğ°ÑÑ‚ÑĞ¶ĞºĞ°,2,1,
2025-01-14 11:04:48,health ğŸ¦¾,Ğ Ğ°ÑÑ‚ÑĞ¶ĞºĞ°,2,1,
2025-01-14 11:27:11,health ğŸ¦¾,Ğ—Ğ°Ğ²Ñ‚Ñ€Ğ°Ğº + Ğ²Ğ¸Ñ‚Ğ°Ğ¼Ğ¸Ğ½Ñ‹,3,1,
2025-01-14 11:28:16,studing ğŸ“š,ĞĞ½Ğ³Ğ»Ğ¸Ğ¹ÑĞºĞ¸Ğ¹,5.0,10,
2025-01-14 16:22:13,studing ğŸ“š,DS/Math/Dev Ğ¼Ğ¸Ğ½. Ğ¾Ğ±ÑƒÑ‡ĞµĞ½Ğ¸Ñ,9.0,45,
2025-01-14 20:23:13,health ğŸ¦¾,Ğ¢Ñ€ĞµĞ½Ğ¸Ñ€Ğ¾Ğ²ĞºĞ°,20,1,
2025-01-14 22:09:40,studing ğŸ“š,DS/Math/Dev Ğ¼Ğ¸Ğ½. Ğ¾Ğ±ÑƒÑ‡ĞµĞ½Ğ¸Ñ,9.0,45,
2025-01-14 23:10:54,studing ğŸ“š,ĞĞ½Ğ³Ğ»Ğ¸Ğ¹ÑĞºĞ¸Ğ¹,10.0,20,
2025-01-14 23:17:50,social â¤ï¸,ĞœÑ‹ÑˆĞ»ĞµĞ½Ğ¸Ğµ,0.25,1,
2025-01-15 09:50:33,studing ğŸ“š,DS/Math/Dev Ğ¼Ğ¸Ğ½. Ğ¾Ğ±ÑƒÑ‡ĞµĞ½Ğ¸Ñ,7.0,35,
2025-01-15 10:54:13,health ğŸ¦¾,Ğ Ğ°ÑÑ‚ÑĞ¶ĞºĞ°,2,1,
2025-01-15 11:34:08,health ğŸ¦¾,Ğ—Ğ°Ğ²Ñ‚Ñ€Ğ°Ğº + Ğ²Ğ¸Ñ‚Ğ°Ğ¼Ğ¸Ğ½Ñ‹,3,1,
2025-01-15 18:04:50,studing ğŸ“š,DS/Math/Dev Ğ¼Ğ¸Ğ½. Ğ¾Ğ±ÑƒÑ‡ĞµĞ½Ğ¸Ñ,12.0,60,
